﻿{"data":[{"ChildObjects":[{"ObjectIdentifier":"S-1-5-21-175932982-3964104193-3680890923-571","ObjectType":"Group"},{"ObjectIdentifier":"S-1-5-21-175932982-3964104193-3680890923-517","ObjectType":"Group"},{"ObjectIdentifier":"S-1-5-21-175932982-3964104193-3680890923-522","ObjectType":"Group"},{"ObjectIdentifier":"S-1-5-21-175932982-3964104193-3680890923-500","ObjectType":"User"},{"ObjectIdentifier":"S-1-5-21-175932982-3964104193-3680890923-572","ObjectType":"Group"},{"ObjectIdentifier":"S-1-5-21-175932982-3964104193-3680890923-1101","ObjectType":"Group"},{"ObjectIdentifier":"S-1-5-21-175932982-3964104193-3680890923-1102","ObjectType":"Group"},{"ObjectIdentifier":"S-1-5-21-175932982-3964104193-3680890923-512","ObjectType":"Group"},{"ObjectIdentifier":"S-1-5-21-175932982-3964104193-3680890923-515","ObjectType":"Group"},{"ObjectIdentifier":"S-1-5-21-175932982-3964104193-3680890923-516","ObjectType":"Group"},{"ObjectIdentifier":"S-1-5-21-175932982-3964104193-3680890923-514","ObjectType":"Group"},{"ObjectIdentifier":"S-1-5-21-175932982-3964104193-3680890923-513","ObjectType":"Group"},{"ObjectIdentifier":"S-1-5-21-175932982-3964104193-3680890923-519","ObjectType":"Group"},{"ObjectIdentifier":"S-1-5-21-175932982-3964104193-3680890923-527","ObjectType":"Group"},{"ObjectIdentifier":"S-1-5-21-175932982-3964104193-3680890923-498","ObjectType":"Group"},{"ObjectIdentifier":"S-1-5-21-175932982-3964104193-3680890923-520","ObjectType":"Group"},{"ObjectIdentifier":"S-1-5-21-175932982-3964104193-3680890923-501","ObjectType":"User"},{"ObjectIdentifier":"S-1-5-21-175932982-3964104193-3680890923-526","ObjectType":"Group"},{"ObjectIdentifier":"S-1-5-21-175932982-3964104193-3680890923-502","ObjectType":"User"},{"ObjectIdentifier":"S-1-5-21-175932982-3964104193-3680890923-525","ObjectType":"Group"},{"ObjectIdentifier":"S-1-5-21-175932982-3964104193-3680890923-553","ObjectType":"Group"},{"ObjectIdentifier":"S-1-5-21-175932982-3964104193-3680890923-521","ObjectType":"Group"},{"ObjectIdentifier":"S-1-5-21-175932982-3964104193-3680890923-518","ObjectType":"Group"}],"Aces":[{"PrincipalSID":"S-1-5-21-175932982-3964104193-3680890923-512","PrincipalType":"Group","RightName":"Owns","IsInherited":false},{"PrincipalSID":"S-1-5-21-175932982-3964104193-3680890923-512","PrincipalType":"Group","RightName":"WriteDacl","IsInherited":false},{"PrincipalSID":"S-1-5-21-175932982-3964104193-3680890923-512","PrincipalType":"Group","RightName":"WriteOwner","IsInherited":false},{"PrincipalSID":"S-1-5-21-175932982-3964104193-3680890923-519","PrincipalType":"Group","RightName":"GenericAll","IsInherited":true},{"PrincipalSID":"S-1-5-21-175932982-3964104193-3680890923-4121","PrincipalType":"Computer","RightName":"GenericAll","IsInherited":true},{"PrincipalSID":"BLUE-UMBRELLA.ONLINE-S-1-5-32-544","PrincipalType":"Group","RightName":"WriteDacl","IsInherited":true},{"PrincipalSID":"BLUE-UMBRELLA.ONLINE-S-1-5-32-544","PrincipalType":"Group","RightName":"WriteOwner","IsInherited":true}],"ObjectIdentifier":"001108FE-420D-4F3C-A143-320FC27AA4F0","IsDeleted":false,"IsACLProtected":false,"Properties":{"domain":"BLUE-UMBRELLA.ONLINE","name":"USERS@BLUE-UMBRELLA.ONLINE","distinguishedname":"CN=USERS,DC=BLUE-UMBRELLA,DC=ONLINE","domainsid":"S-1-5-21-175932982-3964104193-3680890923","highvalue":false}},{"ChildObjects":[],"Aces":[{"PrincipalSID":"S-1-5-21-175932982-3964104193-3680890923-512","PrincipalType":"Group","RightName":"Owns","IsInherited":false},{"PrincipalSID":"S-1-5-21-175932982-3964104193-3680890923-512","PrincipalType":"Group","RightName":"WriteDacl","IsInherited":false},{"PrincipalSID":"S-1-5-21-175932982-3964104193-3680890923-512","PrincipalType":"Group","RightName":"WriteOwner","IsInherited":false},{"PrincipalSID":"S-1-5-21-175932982-3964104193-3680890923-519","PrincipalType":"Group","RightName":"GenericAll","IsInherited":true},{"PrincipalSID":"S-1-5-21-175932982-3964104193-3680890923-4121","PrincipalType":"Computer","RightName":"GenericAll","IsInherited":true},{"PrincipalSID":"BLUE-UMBRELLA.ONLINE-S-1-5-32-544","PrincipalType":"Group","RightName":"WriteDacl","IsInherited":true},{"PrincipalSID":"BLUE-UMBRELLA.ONLINE-S-1-5-32-544","PrincipalType":"Group","RightName":"WriteOwner","IsInherited":true}],"ObjectIdentifier":"C401B7DC-3CB1-45D7-8622-758BA65F3928","IsDeleted":false,"IsACLProtected":false,"Properties":{"domain":"BLUE-UMBRELLA.ONLINE","name":"IP SECURITY@BLUE-UMBRELLA.ONLINE","distinguishedname":"CN=IP SECURITY,CN=SYSTEM,DC=BLUE-UMBRELLA,DC=ONLINE","domainsid":"S-1-5-21-175932982-3964104193-3680890923","highvalue":false}},{"ChildObjects":[],"Aces":[{"PrincipalSID":"S-1-5-21-175932982-3964104193-3680890923-512","PrincipalType":"Group","RightName":"Owns","IsInherited":false},{"PrincipalSID":"S-1-5-21-175932982-3964104193-3680890923-512","PrincipalType":"Group","RightName":"WriteDacl","IsInherited":false},{"PrincipalSID":"S-1-5-21-175932982-3964104193-3680890923-512","PrincipalType":"Group","RightName":"WriteOwner","IsInherited":false},{"PrincipalSID":"S-1-5-21-175932982-3964104193-3680890923-519","PrincipalType":"Group","RightName":"GenericAll","IsInherited":true},{"PrincipalSID":"S-1-5-21-175932982-3964104193-3680890923-4121","PrincipalType":"Computer","RightName":"GenericAll","IsInherited":true},{"PrincipalSID":"BLUE-UMBRELLA.ONLINE-S-1-5-32-544","PrincipalType":"Group","RightName":"WriteDacl","IsInherited":true},{"PrincipalSID":"BLUE-UMBRELLA.ONLINE-S-1-5-32-544","PrincipalType":"Group","RightName":"WriteOwner","IsInherited":true}],"ObjectIdentifier":"6F193117-E80C-46B4-AFBC-26524A739974","IsDeleted":false,"IsACLProtected":false,"Properties":{"domain":"BLUE-UMBRELLA.ONLINE","name":"RPCSERVICES@BLUE-UMBRELLA.ONLINE","distinguishedname":"CN=RPCSERVICES,CN=SYSTEM,DC=BLUE-UMBRELLA,DC=ONLINE","domainsid":"S-1-5-21-175932982-3964104193-3680890923","highvalue":false}},{"ChildObjects":[],"Aces":[{"PrincipalSID":"S-1-5-21-175932982-3964104193-3680890923-512","PrincipalType":"Group","RightName":"Owns","IsInherited":false},{"PrincipalSID":"S-1-5-21-175932982-3964104193-3680890923-512","PrincipalType":"Group","RightName":"WriteDacl","IsInherited":false},{"PrincipalSID":"S-1-5-21-175932982-3964104193-3680890923-512","PrincipalType":"Group","RightName":"WriteOwner","IsInherited":false},{"PrincipalSID":"S-1-5-21-175932982-3964104193-3680890923-519","PrincipalType":"Group","RightName":"GenericAll","IsInherited":true},{"PrincipalSID":"S-1-5-21-175932982-3964104193-3680890923-4121","PrincipalType":"Computer","RightName":"GenericAll","IsInherited":true},{"PrincipalSID":"BLUE-UMBRELLA.ONLINE-S-1-5-32-544","PrincipalType":"Group","RightName":"WriteDacl","IsInherited":true},{"PrincipalSID":"BLUE-UMBRELLA.ONLINE-S-1-5-32-544","PrincipalType":"Group","RightName":"WriteOwner","IsInherited":true}],"ObjectIdentifier":"AF9F1BDA-484F-43DC-A9CC-EF6E7602FC76","IsDeleted":false,"IsACLProtected":false,"Properties":{"domain":"BLUE-UMBRELLA.ONLINE","name":"MANAGED SERVICE ACCOUNTS@BLUE-UMBRELLA.ONLINE","distinguishedname":"CN=MANAGED SERVICE ACCOUNTS,DC=BLUE-UMBRELLA,DC=ONLINE","domainsid":"S-1-5-21-175932982-3964104193-3680890923","highvalue":false}},{"ChildObjects":[],"Aces":[{"PrincipalSID":"S-1-5-21-175932982-3964104193-3680890923-512","PrincipalType":"Group","RightName":"Owns","IsInherited":false},{"PrincipalSID":"S-1-5-21-175932982-3964104193-3680890923-512","PrincipalType":"Group","RightName":"WriteDacl","IsInherited":false},{"PrincipalSID":"S-1-5-21-175932982-3964104193-3680890923-512","PrincipalType":"Group","RightName":"WriteOwner","IsInherited":false},{"PrincipalSID":"S-1-5-21-175932982-3964104193-3680890923-519","PrincipalType":"Group","RightName":"GenericAll","IsInherited":true},{"PrincipalSID":"S-1-5-21-175932982-3964104193-3680890923-4121","PrincipalType":"Computer","RightName":"GenericAll","IsInherited":true},{"PrincipalSID":"BLUE-UMBRELLA.ONLINE-S-1-5-32-544","PrincipalType":"Group","RightName":"WriteDacl","IsInherited":true},{"PrincipalSID":"BLUE-UMBRELLA.ONLINE-S-1-5-32-544","PrincipalType":"Group","RightName":"WriteOwner","IsInherited":true}],"ObjectIdentifier":"DC18F3BD-A3D9-4C44-B4BB-CBD0FBB5006B","IsDeleted":false,"IsACLProtected":false,"Properties":{"domain":"BLUE-UMBRELLA.ONLINE","name":"MEETINGS@BLUE-UMBRELLA.ONLINE","distinguishedname":"CN=MEETINGS,CN=SYSTEM,DC=BLUE-UMBRELLA,DC=ONLINE","domainsid":"S-1-5-21-175932982-3964104193-3680890923","highvalue":false}},{"ChildObjects":[],"Aces":[{"PrincipalSID":"S-1-5-21-175932982-3964104193-3680890923-512","PrincipalType":"Group","RightName":"Owns","IsInherited":false},{"PrincipalSID":"BLUE-UMBRELLA.ONLINE-S-1-5-32-544","PrincipalType":"Group","RightName":"WriteDacl","IsInherited":false},{"PrincipalSID":"BLUE-UMBRELLA.ONLINE-S-1-5-32-544","PrincipalType":"Group","RightName":"WriteOwner","IsInherited":false},{"PrincipalSID":"S-1-5-21-175932982-3964104193-3680890923-512","PrincipalType":"Group","RightName":"WriteDacl","IsInherited":false},{"PrincipalSID":"S-1-5-21-175932982-3964104193-3680890923-512","PrincipalType":"Group","RightName":"WriteOwner","IsInherited":false},{"PrincipalSID":"S-1-5-21-175932982-3964104193-3680890923-519","PrincipalType":"Group","RightName":"WriteDacl","IsInherited":false},{"PrincipalSID":"S-1-5-21-175932982-3964104193-3680890923-519","PrincipalType":"Group","RightName":"WriteOwner","IsInherited":false}],"ObjectIdentifier":"173E1184-A326-497D-BAB5-1EFE2541051F","IsDeleted":false,"IsACLProtected":true,"Properties":{"domain":"BLUE-UMBRELLA.ONLINE","name":"ADMINSDHOLDER@BLUE-UMBRELLA.ONLINE","distinguishedname":"CN=ADMINSDHOLDER,CN=SYSTEM,DC=BLUE-UMBRELLA,DC=ONLINE","domainsid":"S-1-5-21-175932982-3964104193-3680890923","highvalue":false}},{"ChildObjects":[],"Aces":[{"PrincipalSID":"S-1-5-21-175932982-3964104193-3680890923-512","PrincipalType":"Group","RightName":"Owns","IsInherited":false},{"PrincipalSID":"S-1-5-21-175932982-3964104193-3680890923-512","PrincipalType":"Group","RightName":"GenericAll","IsInherited":false},{"PrincipalSID":"S-1-5-21-175932982-3964104193-3680890923-519","PrincipalType":"Group","RightName":"GenericAll","IsInherited":true},{"PrincipalSID":"S-1-5-21-175932982-3964104193-3680890923-4121","PrincipalType":"Computer","RightName":"GenericAll","IsInherited":true},{"PrincipalSID":"BLUE-UMBRELLA.ONLINE-S-1-5-32-544","PrincipalType":"Group","RightName":"WriteDacl","IsInherited":true},{"PrincipalSID":"BLUE-UMBRELLA.ONLINE-S-1-5-32-544","PrincipalType":"Group","RightName":"WriteOwner","IsInherited":true}],"ObjectIdentifier":"B75C2C72-F25B-490A-B678-C28B94742071","IsDeleted":false,"IsACLProtected":false,"Properties":{"domain":"BLUE-UMBRELLA.ONLINE","name":"FOREIGNSECURITYPRINCIPALS@BLUE-UMBRELLA.ONLINE","distinguishedname":"CN=FOREIGNSECURITYPRINCIPALS,DC=BLUE-UMBRELLA,DC=ONLINE","domainsid":"S-1-5-21-175932982-3964104193-3680890923","highvalue":false}},{"ChildObjects":[],"Aces":[{"PrincipalSID":"S-1-5-21-175932982-3964104193-3680890923-512","PrincipalType":"Group","RightName":"Owns","IsInherited":false},{"PrincipalSID":"S-1-5-21-175932982-3964104193-3680890923-512","PrincipalType":"Group","RightName":"GenericAll","IsInherited":false},{"PrincipalSID":"S-1-5-21-175932982-3964104193-3680890923-519","PrincipalType":"Group","RightName":"GenericAll","IsInherited":true},{"PrincipalSID":"S-1-5-21-175932982-3964104193-3680890923-4121","PrincipalType":"Computer","RightName":"GenericAll","IsInherited":true},{"PrincipalSID":"BLUE-UMBRELLA.ONLINE-S-1-5-32-544","PrincipalType":"Group","RightName":"WriteDacl","IsInherited":true},{"PrincipalSID":"BLUE-UMBRELLA.ONLINE-S-1-5-32-544","PrincipalType":"Group","RightName":"WriteOwner","IsInherited":true}],"ObjectIdentifier":"00DC5B08-2BF2-4C00-A4B8-31FE04DBC57F","IsDeleted":false,"IsACLProtected":false,"Properties":{"domain":"BLUE-UMBRELLA.ONLINE","name":"PSPS@BLUE-UMBRELLA.ONLINE","distinguishedname":"CN=PSPS,CN=SYSTEM,DC=BLUE-UMBRELLA,DC=ONLINE","domainsid":"S-1-5-21-175932982-3964104193-3680890923","highvalue":false}},{"ChildObjects":[],"Aces":[{"PrincipalSID":"S-1-5-21-175932982-3964104193-3680890923-512","PrincipalType":"Group","RightName":"Owns","IsInherited":false},{"PrincipalSID":"S-1-5-21-175932982-3964104193-3680890923-512","PrincipalType":"Group","RightName":"WriteDacl","IsInherited":false},{"PrincipalSID":"S-1-5-21-175932982-3964104193-3680890923-512","PrincipalType":"Group","RightName":"WriteOwner","IsInherited":false},{"PrincipalSID":"S-1-5-21-175932982-3964104193-3680890923-519","PrincipalType":"Group","RightName":"GenericAll","IsInherited":true},{"PrincipalSID":"S-1-5-21-175932982-3964104193-3680890923-4121","PrincipalType":"Computer","RightName":"GenericAll","IsInherited":true},{"PrincipalSID":"BLUE-UMBRELLA.ONLINE-S-1-5-32-544","PrincipalType":"Group","RightName":"WriteDacl","IsInherited":true},{"PrincipalSID":"BLUE-UMBRELLA.ONLINE-S-1-5-32-544","PrincipalType":"Group","RightName":"WriteOwner","IsInherited":true}],"ObjectIdentifier":"4CD12D68-D78B-4F9D-941F-85496A020EF7","IsDeleted":false,"IsACLProtected":false,"Properties":{"domain":"BLUE-UMBRELLA.ONLINE","name":"POLICIES@BLUE-UMBRELLA.ONLINE","distinguishedname":"CN=POLICIES,CN=SYSTEM,DC=BLUE-UMBRELLA,DC=ONLINE","domainsid":"S-1-5-21-175932982-3964104193-3680890923","highvalue":false}},{"ChildObjects":[],"Aces":[{"PrincipalSID":"S-1-5-21-175932982-3964104193-3680890923-512","PrincipalType":"Group","RightName":"Owns","IsInherited":false},{"PrincipalSID":"S-1-5-21-175932982-3964104193-3680890923-512","PrincipalType":"Group","RightName":"WriteDacl","IsInherited":false},{"PrincipalSID":"S-1-5-21-175932982-3964104193-3680890923-512","PrincipalType":"Group","RightName":"WriteOwner","IsInherited":false},{"PrincipalSID":"S-1-5-21-175932982-3964104193-3680890923-519","PrincipalType":"Group","RightName":"GenericAll","IsInherited":true},{"PrincipalSID":"S-1-5-21-175932982-3964104193-3680890923-4121","PrincipalType":"Computer","RightName":"GenericAll","IsInherited":true},{"PrincipalSID":"BLUE-UMBRELLA.ONLINE-S-1-5-32-544","PrincipalType":"Group","RightName":"WriteDacl","IsInherited":true},{"PrincipalSID":"BLUE-UMBRELLA.ONLINE-S-1-5-32-544","PrincipalType":"Group","RightName":"WriteOwner","IsInherited":true}],"ObjectIdentifier":"CF3F6C0E-B5F1-463A-8658-DFA8BB5AC094","IsDeleted":false,"IsACLProtected":false,"Properties":{"domain":"BLUE-UMBRELLA.ONLINE","name":"SYSTEM@BLUE-UMBRELLA.ONLINE","distinguishedname":"CN=SYSTEM,DC=BLUE-UMBRELLA,DC=ONLINE","domainsid":"S-1-5-21-175932982-3964104193-3680890923","highvalue":false}},{"ChildObjects":[],"Aces":[{"PrincipalSID":"S-1-5-21-175932982-3964104193-3680890923-512","PrincipalType":"Group","RightName":"Owns","IsInherited":false},{"PrincipalSID":"S-1-5-21-175932982-3964104193-3680890923-553","PrincipalType":"Group","RightName":"WriteDacl","IsInherited":false},{"PrincipalSID":"S-1-5-21-175932982-3964104193-3680890923-553","PrincipalType":"Group","RightName":"WriteOwner","IsInherited":false},{"PrincipalSID":"S-1-5-21-175932982-3964104193-3680890923-519","PrincipalType":"Group","RightName":"GenericAll","IsInherited":true},{"PrincipalSID":"S-1-5-21-175932982-3964104193-3680890923-4121","PrincipalType":"Computer","RightName":"GenericAll","IsInherited":true},{"PrincipalSID":"BLUE-UMBRELLA.ONLINE-S-1-5-32-544","PrincipalType":"Group","RightName":"WriteDacl","IsInherited":true},{"PrincipalSID":"BLUE-UMBRELLA.ONLINE-S-1-5-32-544","PrincipalType":"Group","RightName":"WriteOwner","IsInherited":true}],"ObjectIdentifier":"B1D5DC22-A7C7-41B6-8500-EF531AB0B909","IsDeleted":false,"IsACLProtected":false,"Properties":{"domain":"BLUE-UMBRELLA.ONLINE","name":"RAS AND IAS SERVERS ACCESS CHECK@BLUE-UMBRELLA.ONLINE","distinguishedname":"CN=RAS AND IAS SERVERS ACCESS CHECK,CN=SYSTEM,DC=BLUE-UMBRELLA,DC=ONLINE","domainsid":"S-1-5-21-175932982-3964104193-3680890923","highvalue":false}},{"ChildObjects":[],"Aces":[{"PrincipalSID":"S-1-5-21-175932982-3964104193-3680890923-512","PrincipalType":"Group","RightName":"Owns","IsInherited":false},{"PrincipalSID":"S-1-5-21-175932982-3964104193-3680890923-512","PrincipalType":"Group","RightName":"WriteDacl","IsInherited":false},{"PrincipalSID":"S-1-5-21-175932982-3964104193-3680890923-512","PrincipalType":"Group","RightName":"WriteOwner","IsInherited":false},{"PrincipalSID":"S-1-5-21-175932982-3964104193-3680890923-519","PrincipalType":"Group","RightName":"GenericAll","IsInherited":true},{"PrincipalSID":"S-1-5-21-175932982-3964104193-3680890923-4121","PrincipalType":"Computer","RightName":"GenericAll","IsInherited":true},{"PrincipalSID":"BLUE-UMBRELLA.ONLINE-S-1-5-32-544","PrincipalType":"Group","RightName":"WriteDacl","IsInherited":true},{"PrincipalSID":"BLUE-UMBRELLA.ONLINE-S-1-5-32-544","PrincipalType":"Group","RightName":"WriteOwner","IsInherited":true}],"ObjectIdentifier":"CB280314-D47B-4046-800B-6D8504894074","IsDeleted":false,"IsACLProtected":false,"Properties":{"domain":"BLUE-UMBRELLA.ONLINE","name":"COMPARTITIONS@BLUE-UMBRELLA.ONLINE","distinguishedname":"CN=COMPARTITIONS,CN=SYSTEM,DC=BLUE-UMBRELLA,DC=ONLINE","domainsid":"S-1-5-21-175932982-3964104193-3680890923","highvalue":false}},{"ChildObjects":[],"Aces":[{"PrincipalSID":"S-1-5-21-175932982-3964104193-3680890923-512","PrincipalType":"Group","RightName":"Owns","IsInherited":false},{"PrincipalSID":"S-1-5-21-175932982-3964104193-3680890923-512","PrincipalType":"Group","RightName":"WriteDacl","IsInherited":false},{"PrincipalSID":"S-1-5-21-175932982-3964104193-3680890923-512","PrincipalType":"Group","RightName":"WriteOwner","IsInherited":false},{"PrincipalSID":"S-1-5-21-175932982-3964104193-3680890923-519","PrincipalType":"Group","RightName":"GenericAll","IsInherited":true},{"PrincipalSID":"S-1-5-21-175932982-3964104193-3680890923-4121","PrincipalType":"Computer","RightName":"GenericAll","IsInherited":true},{"PrincipalSID":"BLUE-UMBRELLA.ONLINE-S-1-5-32-544","PrincipalType":"Group","RightName":"WriteDacl","IsInherited":true},{"PrincipalSID":"BLUE-UMBRELLA.ONLINE-S-1-5-32-544","PrincipalType":"Group","RightName":"WriteOwner","IsInherited":true}],"ObjectIdentifier":"BD7DF17E-B537-4FC8-AA29-54D9872048BE","IsDeleted":false,"IsACLProtected":false,"Properties":{"domain":"BLUE-UMBRELLA.ONLINE","name":"WINSOCKSERVICES@BLUE-UMBRELLA.ONLINE","distinguishedname":"CN=WINSOCKSERVICES,CN=SYSTEM,DC=BLUE-UMBRELLA,DC=ONLINE","domainsid":"S-1-5-21-175932982-3964104193-3680890923","highvalue":false}},{"ChildObjects":[],"Aces":[{"PrincipalSID":"S-1-5-21-175932982-3964104193-3680890923-512","PrincipalType":"Group","RightName":"Owns","IsInherited":false},{"PrincipalSID":"S-1-5-21-175932982-3964104193-3680890923-512","PrincipalType":"Group","RightName":"GenericAll","IsInherited":false},{"PrincipalSID":"S-1-5-21-175932982-3964104193-3680890923-519","PrincipalType":"Group","RightName":"GenericAll","IsInherited":true},{"PrincipalSID":"S-1-5-21-175932982-3964104193-3680890923-4121","PrincipalType":"Computer","RightName":"GenericAll","IsInherited":true},{"PrincipalSID":"BLUE-UMBRELLA.ONLINE-S-1-5-32-544","PrincipalType":"Group","RightName":"WriteDacl","IsInherited":true},{"PrincipalSID":"BLUE-UMBRELLA.ONLINE-S-1-5-32-544","PrincipalType":"Group","RightName":"WriteOwner","IsInherited":true}],"ObjectIdentifier":"40B012BE-9BCD-4AB0-A92D-4C7C67EE21C3","IsDeleted":false,"IsACLProtected":false,"Properties":{"domain":"BLUE-UMBRELLA.ONLINE","name":"MICROSOFT@BLUE-UMBRELLA.ONLINE","distinguishedname":"CN=MICROSOFT,CN=PROGRAM DATA,DC=BLUE-UMBRELLA,DC=ONLINE","domainsid":"S-1-5-21-175932982-3964104193-3680890923","highvalue":false}},{"ChildObjects":[],"Aces":[{"PrincipalSID":"S-1-5-21-175932982-3964104193-3680890923-512","PrincipalType":"Group","RightName":"Owns","IsInherited":false},{"PrincipalSID":"S-1-5-21-175932982-3964104193-3680890923-512","PrincipalType":"Group","RightName":"GenericAll","IsInherited":false},{"PrincipalSID":"S-1-5-21-175932982-3964104193-3680890923-519","PrincipalType":"Group","RightName":"GenericAll","IsInherited":false}],"ObjectIdentifier":"0F2221B4-D550-4641-8D41-B13303E4D93F","IsDeleted":false,"IsACLProtected":true,"Properties":{"domain":"BLUE-UMBRELLA.ONLINE","name":"SOM@BLUE-UMBRELLA.ONLINE","distinguishedname":"CN=SOM,CN=WMIPOLICY,CN=SYSTEM,DC=BLUE-UMBRELLA,DC=ONLINE","domainsid":"S-1-5-21-175932982-3964104193-3680890923","highvalue":false}},{"ChildObjects":[],"Aces":[{"PrincipalSID":"S-1-5-21-175932982-3964104193-3680890923-512","PrincipalType":"Group","RightName":"Owns","IsInherited":false},{"PrincipalSID":"S-1-5-21-175932982-3964104193-3680890923-512","PrincipalType":"Group","RightName":"GenericAll","IsInherited":false},{"PrincipalSID":"S-1-5-21-175932982-3964104193-3680890923-519","PrincipalType":"Group","RightName":"GenericAll","IsInherited":true},{"PrincipalSID":"S-1-5-21-175932982-3964104193-3680890923-4121","PrincipalType":"Computer","RightName":"GenericAll","IsInherited":true},{"PrincipalSID":"BLUE-UMBRELLA.ONLINE-S-1-5-32-544","PrincipalType":"Group","RightName":"WriteDacl","IsInherited":true},{"PrincipalSID":"BLUE-UMBRELLA.ONLINE-S-1-5-32-544","PrincipalType":"Group","RightName":"WriteOwner","IsInherited":true}],"ObjectIdentifier":"AF68A925-20BB-4DDD-BE74-9DFFD0867BA8","IsDeleted":false,"IsACLProtected":false,"Properties":{"domain":"BLUE-UMBRELLA.ONLINE","name":"PROGRAM DATA@BLUE-UMBRELLA.ONLINE","distinguishedname":"CN=PROGRAM DATA,DC=BLUE-UMBRELLA,DC=ONLINE","domainsid":"S-1-5-21-175932982-3964104193-3680890923","highvalue":false}},{"ChildObjects":[],"Aces":[{"PrincipalSID":"S-1-5-21-175932982-3964104193-3680890923-512","PrincipalType":"Group","RightName":"Owns","IsInherited":false},{"PrincipalSID":"S-1-5-21-175932982-3964104193-3680890923-512","PrincipalType":"Group","RightName":"WriteDacl","IsInherited":false},{"PrincipalSID":"S-1-5-21-175932982-3964104193-3680890923-512","PrincipalType":"Group","RightName":"WriteOwner","IsInherited":false},{"PrincipalSID":"S-1-5-21-175932982-3964104193-3680890923-519","PrincipalType":"Group","RightName":"GenericAll","IsInherited":true},{"PrincipalSID":"S-1-5-21-175932982-3964104193-3680890923-512","PrincipalType":"Group","RightName":"GenericAll","IsInherited":true}],"ObjectIdentifier":"0C077320-1EA6-40AE-A698-404C4E4E598B","IsDeleted":false,"IsACLProtected":false,"Properties":{"domain":"BLUE-UMBRELLA.ONLINE","name":"POLICYTEMPLATE@BLUE-UMBRELLA.ONLINE","distinguishedname":"CN=POLICYTEMPLATE,CN=WMIPOLICY,CN=SYSTEM,DC=BLUE-UMBRELLA,DC=ONLINE","domainsid":"S-1-5-21-175932982-3964104193-3680890923","highvalue":false}},{"ChildObjects":[],"Aces":[{"PrincipalSID":"BLUE-UMBRELLA.ONLINE-S-1-5-9","PrincipalType":"Group","RightName":"WriteDacl","IsInherited":false},{"PrincipalSID":"BLUE-UMBRELLA.ONLINE-S-1-5-9","PrincipalType":"Group","RightName":"WriteOwner","IsInherited":false},{"PrincipalSID":"S-1-5-21-175932982-3964104193-3680890923-512","PrincipalType":"Group","RightName":"GenericAll","IsInherited":false},{"PrincipalSID":"S-1-5-21-175932982-3964104193-3680890923-1101","PrincipalType":"Group","RightName":"WriteDacl","IsInherited":false},{"PrincipalSID":"S-1-5-21-175932982-3964104193-3680890923-1101","PrincipalType":"Group","RightName":"WriteOwner","IsInherited":false},{"PrincipalSID":"S-1-5-21-175932982-3964104193-3680890923-519","PrincipalType":"Group","RightName":"GenericAll","IsInherited":true},{"PrincipalSID":"S-1-5-21-175932982-3964104193-3680890923-4121","PrincipalType":"Computer","RightName":"GenericAll","IsInherited":true},{"PrincipalSID":"BLUE-UMBRELLA.ONLINE-S-1-5-32-544","PrincipalType":"Group","RightName":"WriteDacl","IsInherited":true},{"PrincipalSID":"BLUE-UMBRELLA.ONLINE-S-1-5-32-544","PrincipalType":"Group","RightName":"WriteOwner","IsInherited":true}],"ObjectIdentifier":"5CE7DEB7-203A-48B2-8BAD-C99C68592500","IsDeleted":false,"IsACLProtected":false,"Properties":{"domain":"BLUE-UMBRELLA.ONLINE","name":"MICROSOFTDNS@BLUE-UMBRELLA.ONLINE","distinguishedname":"CN=MICROSOFTDNS,CN=SYSTEM,DC=BLUE-UMBRELLA,DC=ONLINE","domainsid":"S-1-5-21-175932982-3964104193-3680890923","highvalue":false}},{"ChildObjects":[],"Aces":[{"PrincipalSID":"S-1-5-21-175932982-3964104193-3680890923-512","PrincipalType":"Group","RightName":"Owns","IsInherited":false},{"PrincipalSID":"BLUE-UMBRELLA.ONLINE-S-1-5-9","PrincipalType":"Group","RightName":"GenericAll","IsInherited":false},{"PrincipalSID":"S-1-5-21-175932982-3964104193-3680890923-512","PrincipalType":"Group","RightName":"GenericAll","IsInherited":false},{"PrincipalSID":"S-1-5-21-175932982-3964104193-3680890923-516","PrincipalType":"Group","RightName":"GenericAll","IsInherited":false},{"PrincipalSID":"S-1-5-21-175932982-3964104193-3680890923-519","PrincipalType":"Group","RightName":"GenericAll","IsInherited":false},{"PrincipalSID":"S-1-5-21-175932982-3964104193-3680890923-526","PrincipalType":"Group","RightName":"GenericAll","IsInherited":false},{"PrincipalSID":"S-1-5-21-175932982-3964104193-3680890923-527","PrincipalType":"Group","RightName":"GenericAll","IsInherited":false}],"ObjectIdentifier":"0A15F063-CD79-45D7-BA7C-2DB10CBD6B3C","IsDeleted":false,"IsACLProtected":true,"Properties":{"domain":"BLUE-UMBRELLA.ONLINE","name":"KEYS@BLUE-UMBRELLA.ONLINE","distinguishedname":"CN=KEYS,DC=BLUE-UMBRELLA,DC=ONLINE","domainsid":"S-1-5-21-175932982-3964104193-3680890923","highvalue":false}},{"ChildObjects":[],"Aces":[{"PrincipalSID":"S-1-5-21-175932982-3964104193-3680890923-512","PrincipalType":"Group","RightName":"Owns","IsInherited":false},{"PrincipalSID":"S-1-5-21-175932982-3964104193-3680890923-512","PrincipalType":"Group","RightName":"WriteDacl","IsInherited":false},{"PrincipalSID":"S-1-5-21-175932982-3964104193-3680890923-512","PrincipalType":"Group","RightName":"WriteOwner","IsInherited":false},{"PrincipalSID":"S-1-5-21-175932982-3964104193-3680890923-519","PrincipalType":"Group","RightName":"GenericAll","IsInherited":true},{"PrincipalSID":"S-1-5-21-175932982-3964104193-3680890923-512","PrincipalType":"Group","RightName":"GenericAll","IsInherited":true}],"ObjectIdentifier":"C53B08DB-77EE-4788-898E-18E4DD15745D","IsDeleted":false,"IsACLProtected":false,"Properties":{"domain":"BLUE-UMBRELLA.ONLINE","name":"POLICYTYPE@BLUE-UMBRELLA.ONLINE","distinguishedname":"CN=POLICYTYPE,CN=WMIPOLICY,CN=SYSTEM,DC=BLUE-UMBRELLA,DC=ONLINE","domainsid":"S-1-5-21-175932982-3964104193-3680890923","highvalue":false}},{"ChildObjects":[],"Aces":[{"PrincipalSID":"S-1-5-21-175932982-3964104193-3680890923-512","PrincipalType":"Group","RightName":"Owns","IsInherited":false},{"PrincipalSID":"S-1-5-21-175932982-3964104193-3680890923-512","PrincipalType":"Group","RightName":"WriteDacl","IsInherited":false},{"PrincipalSID":"S-1-5-21-175932982-3964104193-3680890923-512","PrincipalType":"Group","RightName":"WriteOwner","IsInherited":false},{"PrincipalSID":"S-1-5-21-175932982-3964104193-3680890923-519","PrincipalType":"Group","RightName":"GenericAll","IsInherited":true},{"PrincipalSID":"S-1-5-21-175932982-3964104193-3680890923-512","PrincipalType":"Group","RightName":"GenericAll","IsInherited":true}],"ObjectIdentifier":"CAF24FBF-D928-4FF0-AF40-AB5EF56F168E","IsDeleted":false,"IsACLProtected":false,"Properties":{"domain":"BLUE-UMBRELLA.ONLINE","name":"WMIGPO@BLUE-UMBRELLA.ONLINE","distinguishedname":"CN=WMIGPO,CN=WMIPOLICY,CN=SYSTEM,DC=BLUE-UMBRELLA,DC=ONLINE","domainsid":"S-1-5-21-175932982-3964104193-3680890923","highvalue":false}},{"ChildObjects":[],"Aces":[{"PrincipalSID":"S-1-5-21-175932982-3964104193-3680890923-512","PrincipalType":"Group","RightName":"Owns","IsInherited":false},{"PrincipalSID":"S-1-5-21-175932982-3964104193-3680890923-512","PrincipalType":"Group","RightName":"WriteDacl","IsInherited":false},{"PrincipalSID":"S-1-5-21-175932982-3964104193-3680890923-512","PrincipalType":"Group","RightName":"WriteOwner","IsInherited":false},{"PrincipalSID":"S-1-5-21-175932982-3964104193-3680890923-519","PrincipalType":"Group","RightName":"GenericAll","IsInherited":true},{"PrincipalSID":"S-1-5-21-175932982-3964104193-3680890923-4121","PrincipalType":"Computer","RightName":"GenericAll","IsInherited":true},{"PrincipalSID":"BLUE-UMBRELLA.ONLINE-S-1-5-32-544","PrincipalType":"Group","RightName":"WriteDacl","IsInherited":true},{"PrincipalSID":"BLUE-UMBRELLA.ONLINE-S-1-5-32-544","PrincipalType":"Group","RightName":"WriteOwner","IsInherited":true}],"ObjectIdentifier":"9708DF0A-5ACA-45E3-8DAA-F22CFAB56401","IsDeleted":false,"IsACLProtected":false,"Properties":{"domain":"BLUE-UMBRELLA.ONLINE","name":"COMPARTITIONSETS@BLUE-UMBRELLA.ONLINE","distinguishedname":"CN=COMPARTITIONSETS,CN=SYSTEM,DC=BLUE-UMBRELLA,DC=ONLINE","domainsid":"S-1-5-21-175932982-3964104193-3680890923","highvalue":false}},{"ChildObjects":[],"Aces":[{"PrincipalSID":"S-1-5-21-175932982-3964104193-3680890923-512","PrincipalType":"Group","RightName":"Owns","IsInherited":false},{"PrincipalSID":"S-1-5-21-175932982-3964104193-3680890923-512","PrincipalType":"Group","RightName":"GenericAll","IsInherited":false},{"PrincipalSID":"S-1-5-21-175932982-3964104193-3680890923-519","PrincipalType":"Group","RightName":"GenericAll","IsInherited":false}],"ObjectIdentifier":"382CD175-F598-4AE1-B682-CDED1D20A315","IsDeleted":false,"IsACLProtected":true,"Properties":{"domain":"BLUE-UMBRELLA.ONLINE","name":"WMIPOLICY@BLUE-UMBRELLA.ONLINE","distinguishedname":"CN=WMIPOLICY,CN=SYSTEM,DC=BLUE-UMBRELLA,DC=ONLINE","domainsid":"S-1-5-21-175932982-3964104193-3680890923","highvalue":false}},{"ChildObjects":[{"ObjectIdentifier":"S-1-5-21-175932982-3964104193-3680890923-4191","ObjectType":"Computer"},{"ObjectIdentifier":"S-1-5-21-175932982-3964104193-3680890923-4192","ObjectType":"Computer"},{"ObjectIdentifier":"S-1-5-21-175932982-3964104193-3680890923-4193","ObjectType":"Computer"}],"Aces":[{"PrincipalSID":"S-1-5-21-175932982-3964104193-3680890923-512","PrincipalType":"Group","RightName":"Owns","IsInherited":false},{"PrincipalSID":"S-1-5-21-175932982-3964104193-3680890923-512","PrincipalType":"Group","RightName":"WriteDacl","IsInherited":false},{"PrincipalSID":"S-1-5-21-175932982-3964104193-3680890923-512","PrincipalType":"Group","RightName":"WriteOwner","IsInherited":false},{"PrincipalSID":"S-1-5-21-175932982-3964104193-3680890923-519","PrincipalType":"Group","RightName":"GenericAll","IsInherited":true},{"PrincipalSID":"S-1-5-21-175932982-3964104193-3680890923-4121","PrincipalType":"Computer","RightName":"GenericAll","IsInherited":true},{"PrincipalSID":"BLUE-UMBRELLA.ONLINE-S-1-5-32-544","PrincipalType":"Group","RightName":"WriteDacl","IsInherited":true},{"PrincipalSID":"BLUE-UMBRELLA.ONLINE-S-1-5-32-544","PrincipalType":"Group","RightName":"WriteOwner","IsInherited":true}],"ObjectIdentifier":"A99AE376-EA8A-4338-B634-FFDD2FA89392","IsDeleted":false,"IsACLProtected":false,"Properties":{"domain":"BLUE-UMBRELLA.ONLINE","name":"COMPUTERS@BLUE-UMBRELLA.ONLINE","distinguishedname":"CN=COMPUTERS,DC=BLUE-UMBRELLA,DC=ONLINE","domainsid":"S-1-5-21-175932982-3964104193-3680890923","highvalue":false}}],"meta":{"methods":29695,"type":"containers","count":24,"version":4}}