﻿{"data":[{"ChildObjects":[{"ObjectIdentifier":"7939665C-A064-4E66-840A-6CD494A5FD33","ObjectType":"OU"},{"ObjectIdentifier":"96525792-1878-4E6D-A521-4633B2201C55","ObjectType":"OU"},{"ObjectIdentifier":"A99AE376-EA8A-4338-B634-FFDD2FA89392","ObjectType":"Container"},{"ObjectIdentifier":"A1A9B835-6637-4C9D-811B-235DB370AB73","ObjectType":"OU"},{"ObjectIdentifier":"B75C2C72-F25B-490A-B678-C28B94742071","ObjectType":"Container"},{"ObjectIdentifier":"F98B0338-A520-4572-9028-85AA074251F8","ObjectType":"OU"},{"ObjectIdentifier":"0A15F063-CD79-45D7-BA7C-2DB10CBD6B3C","ObjectType":"Container"},{"ObjectIdentifier":"AF9F1BDA-484F-43DC-A9CC-EF6E7602FC76","ObjectType":"Container"},{"ObjectIdentifier":"43C0F6B2-6980-4BFB-B316-3BA63ED0D592","ObjectType":"OU"},{"ObjectIdentifier":"75DC0277-67F1-407F-9FDA-CE4BC03EF4FA","ObjectType":"OU"},{"ObjectIdentifier":"B4990FA8-955F-4B62-AD47-A2DE7ECE1036","ObjectType":"OU"},{"ObjectIdentifier":"BB53E118-A51A-40C6-9BAC-D4E4C90BC827","ObjectType":"OU"},{"ObjectIdentifier":"F114ACD7-6953-49A6-98AB-2583796A223C","ObjectType":"OU"},{"ObjectIdentifier":"F5815140-148D-4635-B688-BF98D7D17E47","ObjectType":"OU"},{"ObjectIdentifier":"001108FE-420D-4F3C-A143-320FC27AA4F0","ObjectType":"Container"}],"Trusts":[],"Links":[{"IsEnforced":false,"GUID":"A1ABCFE8-2307-4A20-91E2-5D2459848FBC"}],"Aces":[{"PrincipalSID":"BLUE-UMBRELLA.ONLINE-S-1-5-32-544","PrincipalType":"Group","RightName":"Owns","IsInherited":false},{"PrincipalSID":"BLUE-UMBRELLA.ONLINE-S-1-5-32-544","PrincipalType":"Group","RightName":"WriteDacl","IsInherited":false},{"PrincipalSID":"BLUE-UMBRELLA.ONLINE-S-1-5-32-544","PrincipalType":"Group","RightName":"WriteOwner","IsInherited":false},{"PrincipalSID":"BLUE-UMBRELLA.ONLINE-S-1-5-32-544","PrincipalType":"Group","RightName":"AllExtendedRights","IsInherited":false},{"PrincipalSID":"S-1-5-21-175932982-3964104193-3680890923-512","PrincipalType":"Group","RightName":"WriteDacl","IsInherited":false},{"PrincipalSID":"S-1-5-21-175932982-3964104193-3680890923-512","PrincipalType":"Group","RightName":"WriteOwner","IsInherited":false},{"PrincipalSID":"S-1-5-21-175932982-3964104193-3680890923-512","PrincipalType":"Group","RightName":"AllExtendedRights","IsInherited":false},{"PrincipalSID":"S-1-5-21-175932982-3964104193-3680890923-519","PrincipalType":"Group","RightName":"GenericAll","IsInherited":false},{"PrincipalSID":"BLUE-UMBRELLA.ONLINE-S-1-5-9","PrincipalType":"Group","RightName":"GetChanges","IsInherited":false},{"PrincipalSID":"BLUE-UMBRELLA.ONLINE-S-1-5-32-544","PrincipalType":"Group","RightName":"GetChangesAll","IsInherited":false},{"PrincipalSID":"BLUE-UMBRELLA.ONLINE-S-1-5-32-544","PrincipalType":"Group","RightName":"GetChanges","IsInherited":false},{"PrincipalSID":"S-1-5-21-175932982-3964104193-3680890923-498","PrincipalType":"Group","RightName":"GetChanges","IsInherited":false},{"PrincipalSID":"S-1-5-21-175932982-3964104193-3680890923-516","PrincipalType":"Group","RightName":"GetChangesAll","IsInherited":false}],"ObjectIdentifier":"S-1-5-21-175932982-3964104193-3680890923","IsDeleted":false,"IsACLProtected":false,"GPOChanges":{"LocalAdmins":[],"RemoteDesktopUsers":[],"DcomUsers":[],"PSRemoteUsers":[],"AffectedComputers":[{"ObjectIdentifier":"S-1-5-21-175932982-3964104193-3680890923-1000","ObjectType":"Computer"},{"ObjectIdentifier":"S-1-5-21-175932982-3964104193-3680890923-4092","ObjectType":"Computer"},{"ObjectIdentifier":"S-1-5-21-175932982-3964104193-3680890923-4093","ObjectType":"Computer"},{"ObjectIdentifier":"S-1-5-21-175932982-3964104193-3680890923-4094","ObjectType":"Computer"},{"ObjectIdentifier":"S-1-5-21-175932982-3964104193-3680890923-4095","ObjectType":"Computer"},{"ObjectIdentifier":"S-1-5-21-175932982-3964104193-3680890923-4096","ObjectType":"Computer"},{"ObjectIdentifier":"S-1-5-21-175932982-3964104193-3680890923-4097","ObjectType":"Computer"},{"ObjectIdentifier":"S-1-5-21-175932982-3964104193-3680890923-4098","ObjectType":"Computer"},{"ObjectIdentifier":"S-1-5-21-175932982-3964104193-3680890923-4099","ObjectType":"Computer"},{"ObjectIdentifier":"S-1-5-21-175932982-3964104193-3680890923-4100","ObjectType":"Computer"},{"ObjectIdentifier":"S-1-5-21-175932982-3964104193-3680890923-4101","ObjectType":"Computer"},{"ObjectIdentifier":"S-1-5-21-175932982-3964104193-3680890923-4102","ObjectType":"Computer"},{"ObjectIdentifier":"S-1-5-21-175932982-3964104193-3680890923-4103","ObjectType":"Computer"},{"ObjectIdentifier":"S-1-5-21-175932982-3964104193-3680890923-4104","ObjectType":"Computer"},{"ObjectIdentifier":"S-1-5-21-175932982-3964104193-3680890923-4105","ObjectType":"Computer"},{"ObjectIdentifier":"S-1-5-21-175932982-3964104193-3680890923-4106","ObjectType":"Computer"},{"ObjectIdentifier":"S-1-5-21-175932982-3964104193-3680890923-4107","ObjectType":"Computer"},{"ObjectIdentifier":"S-1-5-21-175932982-3964104193-3680890923-4108","ObjectType":"Computer"},{"ObjectIdentifier":"S-1-5-21-175932982-3964104193-3680890923-4109","ObjectType":"Computer"},{"ObjectIdentifier":"S-1-5-21-175932982-3964104193-3680890923-4110","ObjectType":"Computer"},{"ObjectIdentifier":"S-1-5-21-175932982-3964104193-3680890923-4111","ObjectType":"Computer"},{"ObjectIdentifier":"S-1-5-21-175932982-3964104193-3680890923-4112","ObjectType":"Computer"},{"ObjectIdentifier":"S-1-5-21-175932982-3964104193-3680890923-4113","ObjectType":"Computer"},{"ObjectIdentifier":"S-1-5-21-175932982-3964104193-3680890923-4114","ObjectType":"Computer"},{"ObjectIdentifier":"S-1-5-21-175932982-3964104193-3680890923-4115","ObjectType":"Computer"},{"ObjectIdentifier":"S-1-5-21-175932982-3964104193-3680890923-4116","ObjectType":"Computer"},{"ObjectIdentifier":"S-1-5-21-175932982-3964104193-3680890923-4117","ObjectType":"Computer"},{"ObjectIdentifier":"S-1-5-21-175932982-3964104193-3680890923-4118","ObjectType":"Computer"},{"ObjectIdentifier":"S-1-5-21-175932982-3964104193-3680890923-4119","ObjectType":"Computer"},{"ObjectIdentifier":"S-1-5-21-175932982-3964104193-3680890923-4120","ObjectType":"Computer"},{"ObjectIdentifier":"S-1-5-21-175932982-3964104193-3680890923-4121","ObjectType":"Computer"},{"ObjectIdentifier":"S-1-5-21-175932982-3964104193-3680890923-4122","ObjectType":"Computer"},{"ObjectIdentifier":"S-1-5-21-175932982-3964104193-3680890923-4123","ObjectType":"Computer"},{"ObjectIdentifier":"S-1-5-21-175932982-3964104193-3680890923-4124","ObjectType":"Computer"},{"ObjectIdentifier":"S-1-5-21-175932982-3964104193-3680890923-4125","ObjectType":"Computer"},{"ObjectIdentifier":"S-1-5-21-175932982-3964104193-3680890923-4126","ObjectType":"Computer"},{"ObjectIdentifier":"S-1-5-21-175932982-3964104193-3680890923-4127","ObjectType":"Computer"},{"ObjectIdentifier":"S-1-5-21-175932982-3964104193-3680890923-4128","ObjectType":"Computer"},{"ObjectIdentifier":"S-1-5-21-175932982-3964104193-3680890923-4129","ObjectType":"Computer"},{"ObjectIdentifier":"S-1-5-21-175932982-3964104193-3680890923-4130","ObjectType":"Computer"},{"ObjectIdentifier":"S-1-5-21-175932982-3964104193-3680890923-4131","ObjectType":"Computer"},{"ObjectIdentifier":"S-1-5-21-175932982-3964104193-3680890923-4132","ObjectType":"Computer"},{"ObjectIdentifier":"S-1-5-21-175932982-3964104193-3680890923-4133","ObjectType":"Computer"},{"ObjectIdentifier":"S-1-5-21-175932982-3964104193-3680890923-4134","ObjectType":"Computer"},{"ObjectIdentifier":"S-1-5-21-175932982-3964104193-3680890923-4135","ObjectType":"Computer"},{"ObjectIdentifier":"S-1-5-21-175932982-3964104193-3680890923-4136","ObjectType":"Computer"},{"ObjectIdentifier":"S-1-5-21-175932982-3964104193-3680890923-4137","ObjectType":"Computer"},{"ObjectIdentifier":"S-1-5-21-175932982-3964104193-3680890923-4138","ObjectType":"Computer"},{"ObjectIdentifier":"S-1-5-21-175932982-3964104193-3680890923-4139","ObjectType":"Computer"},{"ObjectIdentifier":"S-1-5-21-175932982-3964104193-3680890923-4140","ObjectType":"Computer"},{"ObjectIdentifier":"S-1-5-21-175932982-3964104193-3680890923-4141","ObjectType":"Computer"},{"ObjectIdentifier":"S-1-5-21-175932982-3964104193-3680890923-4142","ObjectType":"Computer"},{"ObjectIdentifier":"S-1-5-21-175932982-3964104193-3680890923-4143","ObjectType":"Computer"},{"ObjectIdentifier":"S-1-5-21-175932982-3964104193-3680890923-4144","ObjectType":"Computer"},{"ObjectIdentifier":"S-1-5-21-175932982-3964104193-3680890923-4145","ObjectType":"Computer"},{"ObjectIdentifier":"S-1-5-21-175932982-3964104193-3680890923-4146","ObjectType":"Computer"},{"ObjectIdentifier":"S-1-5-21-175932982-3964104193-3680890923-4147","ObjectType":"Computer"},{"ObjectIdentifier":"S-1-5-21-175932982-3964104193-3680890923-4148","ObjectType":"Computer"},{"ObjectIdentifier":"S-1-5-21-175932982-3964104193-3680890923-4149","ObjectType":"Computer"},{"ObjectIdentifier":"S-1-5-21-175932982-3964104193-3680890923-4150","ObjectType":"Computer"},{"ObjectIdentifier":"S-1-5-21-175932982-3964104193-3680890923-4151","ObjectType":"Computer"},{"ObjectIdentifier":"S-1-5-21-175932982-3964104193-3680890923-4152","ObjectType":"Computer"},{"ObjectIdentifier":"S-1-5-21-175932982-3964104193-3680890923-4153","ObjectType":"Computer"},{"ObjectIdentifier":"S-1-5-21-175932982-3964104193-3680890923-4154","ObjectType":"Computer"},{"ObjectIdentifier":"S-1-5-21-175932982-3964104193-3680890923-4155","ObjectType":"Computer"},{"ObjectIdentifier":"S-1-5-21-175932982-3964104193-3680890923-4156","ObjectType":"Computer"},{"ObjectIdentifier":"S-1-5-21-175932982-3964104193-3680890923-4157","ObjectType":"Computer"},{"ObjectIdentifier":"S-1-5-21-175932982-3964104193-3680890923-4158","ObjectType":"Computer"},{"ObjectIdentifier":"S-1-5-21-175932982-3964104193-3680890923-4159","ObjectType":"Computer"},{"ObjectIdentifier":"S-1-5-21-175932982-3964104193-3680890923-4160","ObjectType":"Computer"},{"ObjectIdentifier":"S-1-5-21-175932982-3964104193-3680890923-4161","ObjectType":"Computer"},{"ObjectIdentifier":"S-1-5-21-175932982-3964104193-3680890923-4162","ObjectType":"Computer"},{"ObjectIdentifier":"S-1-5-21-175932982-3964104193-3680890923-4163","ObjectType":"Computer"},{"ObjectIdentifier":"S-1-5-21-175932982-3964104193-3680890923-4164","ObjectType":"Computer"},{"ObjectIdentifier":"S-1-5-21-175932982-3964104193-3680890923-4165","ObjectType":"Computer"},{"ObjectIdentifier":"S-1-5-21-175932982-3964104193-3680890923-4166","ObjectType":"Computer"},{"ObjectIdentifier":"S-1-5-21-175932982-3964104193-3680890923-4167","ObjectType":"Computer"},{"ObjectIdentifier":"S-1-5-21-175932982-3964104193-3680890923-4168","ObjectType":"Computer"},{"ObjectIdentifier":"S-1-5-21-175932982-3964104193-3680890923-4169","ObjectType":"Computer"},{"ObjectIdentifier":"S-1-5-21-175932982-3964104193-3680890923-4170","ObjectType":"Computer"},{"ObjectIdentifier":"S-1-5-21-175932982-3964104193-3680890923-4171","ObjectType":"Computer"},{"ObjectIdentifier":"S-1-5-21-175932982-3964104193-3680890923-4172","ObjectType":"Computer"},{"ObjectIdentifier":"S-1-5-21-175932982-3964104193-3680890923-4173","ObjectType":"Computer"},{"ObjectIdentifier":"S-1-5-21-175932982-3964104193-3680890923-4174","ObjectType":"Computer"},{"ObjectIdentifier":"S-1-5-21-175932982-3964104193-3680890923-4175","ObjectType":"Computer"},{"ObjectIdentifier":"S-1-5-21-175932982-3964104193-3680890923-4176","ObjectType":"Computer"},{"ObjectIdentifier":"S-1-5-21-175932982-3964104193-3680890923-4177","ObjectType":"Computer"},{"ObjectIdentifier":"S-1-5-21-175932982-3964104193-3680890923-4178","ObjectType":"Computer"},{"ObjectIdentifier":"S-1-5-21-175932982-3964104193-3680890923-4179","ObjectType":"Computer"},{"ObjectIdentifier":"S-1-5-21-175932982-3964104193-3680890923-4180","ObjectType":"Computer"},{"ObjectIdentifier":"S-1-5-21-175932982-3964104193-3680890923-4181","ObjectType":"Computer"},{"ObjectIdentifier":"S-1-5-21-175932982-3964104193-3680890923-4182","ObjectType":"Computer"},{"ObjectIdentifier":"S-1-5-21-175932982-3964104193-3680890923-4183","ObjectType":"Computer"},{"ObjectIdentifier":"S-1-5-21-175932982-3964104193-3680890923-4184","ObjectType":"Computer"},{"ObjectIdentifier":"S-1-5-21-175932982-3964104193-3680890923-4185","ObjectType":"Computer"},{"ObjectIdentifier":"S-1-5-21-175932982-3964104193-3680890923-4186","ObjectType":"Computer"},{"ObjectIdentifier":"S-1-5-21-175932982-3964104193-3680890923-4187","ObjectType":"Computer"},{"ObjectIdentifier":"S-1-5-21-175932982-3964104193-3680890923-4188","ObjectType":"Computer"},{"ObjectIdentifier":"S-1-5-21-175932982-3964104193-3680890923-4189","ObjectType":"Computer"},{"ObjectIdentifier":"S-1-5-21-175932982-3964104193-3680890923-4190","ObjectType":"Computer"},{"ObjectIdentifier":"S-1-5-21-175932982-3964104193-3680890923-4191","ObjectType":"Computer"},{"ObjectIdentifier":"S-1-5-21-175932982-3964104193-3680890923-4192","ObjectType":"Computer"},{"ObjectIdentifier":"S-1-5-21-175932982-3964104193-3680890923-4193","ObjectType":"Computer"}]},"Properties":{"domain":"BLUE-UMBRELLA.ONLINE","name":"BLUE-UMBRELLA.ONLINE","distinguishedname":"DC=BLUE-UMBRELLA,DC=ONLINE","domainsid":"S-1-5-21-175932982-3964104193-3680890923","highvalue":true,"description":null,"whencreated":1659171742,"functionallevel":"2016"}}],"meta":{"methods":29695,"type":"domains","count":1,"version":4}}