﻿{"data":[{"Aces":[{"PrincipalSID":"S-1-5-21-175932982-3964104193-3680890923-512","PrincipalType":"Group","RightName":"Owns","IsInherited":false},{"PrincipalSID":"S-1-5-21-175932982-3964104193-3680890923-512","PrincipalType":"Group","RightName":"WriteDacl","IsInherited":false},{"PrincipalSID":"S-1-5-21-175932982-3964104193-3680890923-512","PrincipalType":"Group","RightName":"WriteOwner","IsInherited":false},{"PrincipalSID":"S-1-5-21-175932982-3964104193-3680890923-512","PrincipalType":"Group","RightName":"GenericWrite","IsInherited":false},{"PrincipalSID":"S-1-5-21-175932982-3964104193-3680890923-512","PrincipalType":"Group","RightName":"WriteDacl","IsInherited":false},{"PrincipalSID":"S-1-5-21-175932982-3964104193-3680890923-512","PrincipalType":"Group","RightName":"WriteOwner","IsInherited":false},{"PrincipalSID":"S-1-5-21-175932982-3964104193-3680890923-512","PrincipalType":"Group","RightName":"GenericWrite","IsInherited":false},{"PrincipalSID":"S-1-5-21-175932982-3964104193-3680890923-519","PrincipalType":"Group","RightName":"WriteDacl","IsInherited":false},{"PrincipalSID":"S-1-5-21-175932982-3964104193-3680890923-519","PrincipalType":"Group","RightName":"WriteOwner","IsInherited":false},{"PrincipalSID":"S-1-5-21-175932982-3964104193-3680890923-519","PrincipalType":"Group","RightName":"GenericWrite","IsInherited":false}],"ObjectIdentifier":"A1ABCFE8-2307-4A20-91E2-5D2459848FBC","IsDeleted":false,"IsACLProtected":true,"Properties":{"domain":"BLUE-UMBRELLA.ONLINE","name":"DEFAULT DOMAIN POLICY@BLUE-UMBRELLA.ONLINE","distinguishedname":"CN={31B2F340-016D-11D2-945F-00C04FB984F9},CN=POLICIES,CN=SYSTEM,DC=BLUE-UMBRELLA,DC=ONLINE","domainsid":"S-1-5-21-175932982-3964104193-3680890923","highvalue":false,"description":null,"whencreated":1659171750,"gpcpath":"\\\\BLUE-UMBRELLA.ONLINE\\SYSVOL\\BLUE-UMBRELLA.ONLINE\\POLICIES\\{31B2F340-016D-11D2-945F-00C04FB984F9}"}},{"Aces":[{"PrincipalSID":"S-1-5-21-175932982-3964104193-3680890923-512","PrincipalType":"Group","RightName":"Owns","IsInherited":false},{"PrincipalSID":"S-1-5-21-175932982-3964104193-3680890923-512","PrincipalType":"Group","RightName":"WriteDacl","IsInherited":false},{"PrincipalSID":"S-1-5-21-175932982-3964104193-3680890923-512","PrincipalType":"Group","RightName":"WriteOwner","IsInherited":false},{"PrincipalSID":"S-1-5-21-175932982-3964104193-3680890923-512","PrincipalType":"Group","RightName":"GenericWrite","IsInherited":false},{"PrincipalSID":"S-1-5-21-175932982-3964104193-3680890923-512","PrincipalType":"Group","RightName":"WriteDacl","IsInherited":false},{"PrincipalSID":"S-1-5-21-175932982-3964104193-3680890923-512","PrincipalType":"Group","RightName":"WriteOwner","IsInherited":false},{"PrincipalSID":"S-1-5-21-175932982-3964104193-3680890923-512","PrincipalType":"Group","RightName":"GenericWrite","IsInherited":false},{"PrincipalSID":"S-1-5-21-175932982-3964104193-3680890923-519","PrincipalType":"Group","RightName":"WriteDacl","IsInherited":false},{"PrincipalSID":"S-1-5-21-175932982-3964104193-3680890923-519","PrincipalType":"Group","RightName":"WriteOwner","IsInherited":false},{"PrincipalSID":"S-1-5-21-175932982-3964104193-3680890923-519","PrincipalType":"Group","RightName":"GenericWrite","IsInherited":false}],"ObjectIdentifier":"5B748BB2-0515-4045-AB08-4BD9FF5C9C10","IsDeleted":false,"IsACLProtected":true,"Properties":{"domain":"BLUE-UMBRELLA.ONLINE","name":"DEFAULT DOMAIN CONTROLLERS POLICY@BLUE-UMBRELLA.ONLINE","distinguishedname":"CN={6AC1786C-016F-11D2-945F-00C04FB984F9},CN=POLICIES,CN=SYSTEM,DC=BLUE-UMBRELLA,DC=ONLINE","domainsid":"S-1-5-21-175932982-3964104193-3680890923","highvalue":false,"description":null,"whencreated":1659171750,"gpcpath":"\\\\BLUE-UMBRELLA.ONLINE\\SYSVOL\\BLUE-UMBRELLA.ONLINE\\POLICIES\\{6AC1786C-016F-11D2-945F-00C04FB984F9}"}}],"meta":{"methods":29695,"type":"gpos","count":2,"version":4}}